Entry,Pass,Range,Code,Pedigree,Site Release,Year Release,Shed GDU,Silk GDU,PLTHT (cm),EARHT (cm),Origin,Country,Section
1,1,2,GEMN-0144,MDI022:N2120-284-001,Ames,2006.0,1586,1586,267,117,Cuban Yellow,Peru,GEMN DH Parent
2,2,2,GEMN-0187,ANTIG03:N1218-056-001,Ames,2009.0,1545,1586,269,122,Criollo,Antigua,GEMN DH Parent
3,3,2,GEMN-0192,SCROGP3:N2017-172-001,Ames,2009.0,1427,1467,249,109,Tusón,St. Croix,GEMN DH Parent
4,4,2,GEMN-0246,AR01150:N0402-B-026,Ames,2014.0,1426,1480,231,94,Dentado Blanco Rugoso,Argentina,GEMN DH Parent
5,5,2,GEMN-DH-0463,GEMN-0144/GEMN-0249//GEMN-0187/GEMN-0261///GEMN-0192/GEMN-0309//GEMN-0246/GEMN-0267-(2n)-0463,,,1480,1503,241,86,,,GEMN DH Line
6,6,2,GEMN-DH-0489,GEMN-0144/GEMN-0249//GEMN-0187/GEMN-0261///GEMN-0192/GEMN-0309//GEMN-0246/GEMN-0267-(2n)-0489,,,1545,1586,244,99,,,GEMN DH Line
7,7,2,GEMN-DH-0496,GEMN-0144/GEMN-0249//GEMN-0187/GEMN-0261///GEMN-0192/GEMN-0309//GEMN-0246/GEMN-0267-(2n)-0496,,,1566,1586,213,86,,,GEMN DH Line
8,8,2,GEMN-DH-0500,GEMN-0144/GEMN-0249//GEMN-0187/GEMN-0261///GEMN-0192/GEMN-0309//GEMN-0246/GEMN-0267-(2n)-0500,,,1621,1660,221,94,,,GEMN DH Line
9,9,2,GEMN-DH-0542,GEMN-0144/GEMN-0249//GEMN-0187/GEMN-0261///GEMN-0192/GEMN-0309//GEMN-0246/GEMN-0267-(2n)-0542,,,1640,1668,198,94,,,GEMN DH Line
10,10,2,GEMN-DH-0543,GEMN-0144/GEMN-0249//GEMN-0187/GEMN-0261///GEMN-0192/GEMN-0309//GEMN-0246/GEMN-0267-(2n)-0543,,,1539,1539,218,97,,,GEMN DH Line
11,11,2,GEMN-DH-0570,GEMN-0144/GEMN-0249//GEMN-0187/GEMN-0261///GEMN-0192/GEMN-0309//GEMN-0246/GEMN-0267-(2n)-0570,,,1396,1455,262,81,,,GEMN DH Line
12,12,2,GEMN-DH-0595,GEMN-0144/GEMN-0249//GEMN-0187/GEMN-0261///GEMN-0192/GEMN-0309//GEMN-0246/GEMN-0267-(2n)-0595,,,1621,1640,290,109,,,GEMN DH Line
13,13,2,GEMN-DH-0636,GEMN-0144/GEMN-0249//GEMN-0187/GEMN-0261///GEMN-0192/GEMN-0309//GEMN-0246/GEMN-0267-(2n)-0636,,,1586,1660,224,84,,,GEMN DH Line
14,14,2,GEMN-DH-0662,GEMN-0144/GEMN-0249//GEMN-0187/GEMN-0261///GEMN-0192/GEMN-0309//GEMN-0246/GEMN-0267-(2n)-0662,,,1660,1660,239,89,,,GEMN DH Line
15,15,2,GEMN-DH-0668,GEMN-0144/GEMN-0249//GEMN-0187/GEMN-0261///GEMN-0192/GEMN-0309//GEMN-0246/GEMN-0267-(2n)-0668,,,1566,1586,234,91,,,GEMN DH Line
16,16,2,GEMN-DH-0669,GEMN-0144/GEMN-0249//GEMN-0187/GEMN-0261///GEMN-0192/GEMN-0309//GEMN-0246/GEMN-0267-(2n)-0669,,,1586,1606,274,117,,,GEMN DH Line
17,17,2,GEMN-DH-0693,GEMN-0144/GEMN-0249//GEMN-0187/GEMN-0261///GEMN-0192/GEMN-0309//GEMN-0246/GEMN-0267-(2n)-0693,,,1545,1525,229,76,,,GEMN DH Line
18,18,2,GEMN-DH-0703,GEMN-0144/GEMN-0249//GEMN-0187/GEMN-0261///GEMN-0192/GEMN-0309//GEMN-0246/GEMN-0267-(2n)-0703,,,1566,1566,246,91,,,GEMN DH Line
19,19,2,GEMN-DH-0716,GEMN-0144/GEMN-0249//GEMN-0187/GEMN-0261///GEMN-0192/GEMN-0309//GEMN-0246/GEMN-0267-(2n)-0716,,,1566,1545,249,94,,,GEMN DH Line
20,20,2,GEMN-DH-0719,GEMN-0144/GEMN-0249//GEMN-0187/GEMN-0261///GEMN-0192/GEMN-0309//GEMN-0246/GEMN-0267-(2n)-0719,,,1545,1566,254,127,,,GEMN DH Line
21,21,2,90LDC2,,,,1455,1480,241,94,,,NSS ex-PVP
22,22,2,PH24E,,,,1396,1426,211,81,,,NSS Tester
23,23,2,PH3HH,,,,1566,1586,216,66,,,NSS ex-PVP
24,24,2,PH70R,,,,1545,1586,267,99,,,NSS ex-PVP
25,25,2,PH7JD,,,,1368,1426,224,91,,,NSS ex-PVP
26,26,2,01INL1,,,,1525,1525,216,84,,,NSS ex-PVP
27,27,2,PH8CW,,,,1480,1503,229,86,,,NSS Tester
28,28,2,5750,,,,1566,1545,239,74,,,NSS ex-PVP
29,1,4,GEMN-0249,BR105:N1643-B-020-B-B,Ames,2014.0,1525,1545,262,107,Suwan,Brazil,GEMN DH Parent
30,2,4,GEMN-0261,(GEMN-0140/GEMN-0097)-B-B-027-B-B,Ames,2015.0,1480,1525,277,127,Dente Amarelo/Mixed Tropical,Brazil/Mixed,GEMN DH Parent
31,3,4,GEMN-0267,NEI9008:N0826(GEMN-0155)-B-095-B-B,Ames,2015.0,1539,1560,272,117,Suwan/Cristalino Colorado,Thailand/Argentina,GEMN DH Parent
32,4,4,GEMN-0309,ATL100:N(LH82)(GEMN-0097)-090-001,Ames,2019.0,1396,1455,259,117,Tropical Hybrid,Brazil,GEMN DH Parent
33,5,4,GEMN-DH-0447,GEMN-0144/GEMN-0249//GEMN-0187/GEMN-0261///GEMN-0192/GEMN-0309//GEMN-0246/GEMN-0267-(2n)-0447,,,1545,1525,264,107,,,GEMN DH Line
34,6,4,GEMN-DH-0533,GEMN-0144/GEMN-0249//GEMN-0187/GEMN-0261///GEMN-0192/GEMN-0309//GEMN-0246/GEMN-0267-(2n)-0533,,,1396,1455,257,117,,,GEMN DH Line
35,7,4,GEMN-DH-0568,GEMN-0144/GEMN-0249//GEMN-0187/GEMN-0261///GEMN-0192/GEMN-0309//GEMN-0246/GEMN-0267-(2n)-0568,,,1545,1586,279,112,,,GEMN DH Line
36,8,4,GEMN-DH-0586,GEMN-0144/GEMN-0249//GEMN-0187/GEMN-0261///GEMN-0192/GEMN-0309//GEMN-0246/GEMN-0267-(2n)-0586,,,1455,1545,264,114,,,GEMN DH Line
37,9,4,GEMN-DH-0628,GEMN-0144/GEMN-0249//GEMN-0187/GEMN-0261///GEMN-0192/GEMN-0309//GEMN-0246/GEMN-0267-(2n)-0628,,,1560,1560,226,114,,,GEMN DH Line
38,10,4,GEMN-DH-0667,GEMN-0144/GEMN-0249//GEMN-0187/GEMN-0261///GEMN-0192/GEMN-0309//GEMN-0246/GEMN-0267-(2n)-0667,,,1640,1692,251,91,,,GEMN DH Line
39,11,4,GEMN-DH-0732,GEMN-0144/GEMN-0249//GEMN-0187/GEMN-0261///GEMN-0192/GEMN-0309//GEMN-0246/GEMN-0267-(2n)-0732,,,1503,1503,226,76,,,GEMN DH Line
40,12,4,GEMN-DH-0775,GEMN-0144/GEMN-0249//GEMN-0187/GEMN-0261///GEMN-0192/GEMN-0309//GEMN-0246/GEMN-0267-(2n)-0775,,,1480,1566,236,74,,,GEMN DH Line
41,13,4,GEMN-DH-0831,GEMN-0144/GEMN-0249//GEMN-0187/GEMN-0261///GEMN-0192/GEMN-0309//GEMN-0246/GEMN-0267-(2n)-0831,,,1621,1621,257,107,,,GEMN DH Line
42,14,4,GEMN-DH-0888,GEMN-0144/GEMN-0249//GEMN-0187/GEMN-0261///GEMN-0192/GEMN-0309//GEMN-0246/GEMN-0267-(2n)-0888,,,1586,1566,262,81,,,GEMN DH Line
43,15,4,GEMN-DH-0932,GEMN-0144/GEMN-0249//GEMN-0187/GEMN-0261///GEMN-0192/GEMN-0309//GEMN-0246/GEMN-0267-(2n)-0932,,,1480,1525,196,58,,,GEMN DH Line
44,16,4,GEMN-DH-1013,GEMN-0144/GEMN-0249//GEMN-0187/GEMN-0261///GEMN-0192/GEMN-0309//GEMN-0246/GEMN-0267-(2n)-1013,,,1396,1396,198,84,,,GEMN DH Line
45,17,4,GEMN-DH-1108,GEMN-0144/GEMN-0249//GEMN-0187/GEMN-0261///GEMN-0192/GEMN-0309//GEMN-0246/GEMN-0267-(2n)-1108,,,1426,1455,262,89,,,GEMN DH Line
46,18,4,GEMN-DH-1149,GEMN-0144/GEMN-0249//GEMN-0187/GEMN-0261///GEMN-0192/GEMN-0309//GEMN-0246/GEMN-0267-(2n)-1149,,,1525,1566,272,145,,,GEMN DH Line
47,19,4,GEMN-DH-1154,GEMN-0144/GEMN-0249//GEMN-0187/GEMN-0261///GEMN-0192/GEMN-0309//GEMN-0246/GEMN-0267-(2n)-1154,,,1396,1426,290,109,,,GEMN DH Line
48,20,4,GEMN-DH-1183,GEMN-0144/GEMN-0249//GEMN-0187/GEMN-0261///GEMN-0192/GEMN-0309//GEMN-0246/GEMN-0267-(2n)-1183,,,1426,1503,211,43,,,GEMN DH Line
49,21,4,PH1GD,,,,1330,1315,221,84,,,SS ex-PVP
50,22,4,01DHD10,,,,1426,1426,224,89,,,SS ex-PVP
51,23,4,87DIA4,,,,1368,1426,206,64,,,SS ex-PVP
52,24,4,90DJD28,,,,1455,1480,262,81,,,SS ex-PVP
53,25,4,PH05F,,,,1545,1545,267,91,,,SS ex-PVP
54,26,4,PH3DT,,,,1566,1566,236,89,,,SS ex-PVP
55,27,4,EC001,,,,1426,1455,231,97,,,SS Tester
56,28,4,EC018,,,,1455,1480,262,94,,,SS Tester
57,1,5,GEMS-0326,GEMS-0220/CML373//R3212Z-069-002-001-B,Ames,2023.0,1566,1545,221,99,Tuxpeño/Olotillo/Tropical Inbred,Mexico,GEM Released Line
58,2,5,GEMS-0330,(GEMS-0050/CL-G1501:S17b-B-020)-003-01-B,Raleigh,2024.0,1566,1586,264,122,Tropical Hybrid/Tropical Inbred,Thailand/Mexico,GEM Released Line
59,3,5,GEMN-0331,GEMN-0135/GEMN-0137-002-02,Raleigh,2024.0,1692,1692,290,145,Tropical Hybrid/Tropical Inbred,Brazil/St. Croix,GEM Released Line
60,4,5,GEMS-0332,GEMS-0227/42T1-B05-02,Raleigh,2024.0,1586,1566,284,112,Tropical Inbred/Tropical Inbred,Thailand/Mixed,GEM Released Line
61,5,5,GEMS-0333,GEMS-0227/42T2-B44-01,Raleigh,2024.0,1621,1606,284,132,Tropical Inbred/Tropical Inbred,Thailand/Mixed,GEM Released Line
62,6,5,GEMS-0334,La Posta Seq C7 F71-1-1-1-2:S40a/R3212Z-060-001-001-B,Ames,2024.0,1566,1525,241,79,Tropical Inbred,Mexico,GEM Released Line
63,7,5,GEMS-0335,PHHB4/KS23-6//2FACC-139-001-001-B,Ames,2024.0,1566,1545,262,117,Tropical Inbred,Thailand,GEM Released Line
64,8,5,GEMS-0336,PHHB9//KS23-6/PHW52-139-001-001-B,Ames,2024.0,1480,1503,277,107,Tropical Inbred,Thailand,GEM Released Line
65,9,5,GEMN-0337,GEMN-0287/GEMN-0272-029-01,Raleigh,2025.0,1640,1612,287,127,Tropical Hybrid/Cateto/Mixed,Thailand/Brazil,GEM Released Line
66,10,5,GEMS-0338,GEMS-0293/GEMS-0281-034-03,Raleigh,2025.0,1539,1539,236,97,Tropical Inbred/Dente Amarelo,Mexico/Brazil,GEM Released Line
67,11,5,GEMS-0339,HC33/Ki30//PH42B-012-001-001-B,Ames,2025.0,1545,1545,188,58,Tropical Inbred,Thailand,GEM Released Line
68,12,5,GEMS-0340,PHHB9/Ki59//LH244-021-001-001-B,Ames,2025.0,1525,1525,239,91,Tropical Inbred,Thailand,GEM Released Line
69,13,5,GEMS-0341,PHK29/55T3//PHTP9-083-001-001-B,Ames,2025.0,1455,1480,218,91,Tropical Inbred,Brazil,GEM Released Line
70,14,5,GEMN-0342,HBA1/CML323//GEMN-0097-029-001-001-B,Ames,2025.0,1678,1678,226,97,Tropical Inbred,Mexico,GEM Released Line
71,15,5,GEMN-0343,GEMN-0287/GEMN-0310-B-51-B,Raleigh,2026.0,1525,1525,251,112,Tropical Hybrid/Mixed,Thailand/Mixed,GEM Released Line
72,16,5,GEMN-0178,DK888:N11a08a-440-001,Ames,2008.0,1566,1545,290,127,Tropical Hybrid,Thailand,GEM Released Line
73,17,5,GEMN-0287,(GEMN-0108/GEMN-0178)-B-004,Raleigh,2016.0,1566,1586,302,145,Tropical Hybrid,Thailand,GEM Released Line
74,18,5,GEMS-0298,(GEMS-0219/GEMS-0227)-B-015-001,Ames,2018.0,1426,1480,290,109,Creole/Tropical Inbred,Cuba/Thailand,GEM Released Line
75,19,5,GEMS-0303,(GEMS-0162/GEMS-0227)-040-002-001,Ames,2019.0,1455,1480,279,91,Argentino/Tropical Inbred,Cuba/Thailand,GEM Released Line
76,20,5,GEMS-0304,(GEMS-0162/GEMS-0227)-046-001-001,Ames,2019.0,1368,1426,196,58,Argentino/Tropical Inbred,Cuba/Thailand,GEM Released Line
77,21,5,GEMS-0306,((LH195/KO679Y)/GEMS-0227)-010-001-002,Ames,2019.0,1426,1480,284,119,Tropical Inbred/Tropical Inbred,South Africa/Thailand,GEM Released Line
78,22,5,GEMS-0307,((PHB47/CML373)/GEMS-0162)-SIB-053-002,Ames,2019.0,1566,1586,221,91,Tropical Inbred/Argentino,Mexico/Cuba,GEM Released Line
79,23,5,GEMS-0308,((PHB47/CML373)/GEMS-0162)-SIB-086-001,Ames,2019.0,1545,1525,241,91,Tropical Inbred/Argentino,Mexico/Cuba,GEM Released Line
80,24,5,GEMN-0309,ATL100:N(LH82)(GEMN-0097)-090-001,Ames,2019.0,1480,1503,239,89,Tropical Hybrid,Brazil,GEM Released Line
81,25,5,GEMS-0313,((GEMS-0162/PHP38)/GEMS-0227)-206-001-001,Ames,2020.0,1426,1480,239,94,Argentino/Tropical Inbred,Cuba/Thailand,GEM Released Line
82,26,5,GEMS-0314,((GEMS-0227/Ki14)/12)-080-001-002,Ames,2020.0,1480,1503,279,127,Tropical Inbred,Thailand,GEM Released Line
83,27,5,GEMS-0320,La Posta Sequia C7 F71-1-1-1-2-B*4:S40b-B-031,Raleigh,2021.0,1606,1606,287,142,Tropical Inbred,Mexico,GEM Released Line
84,28,5,GEMS-0321,La Posta Sequia C7 F71-1-1-1-2-B*4:S40b-B-018,Raleigh,2021.0,1621,1640,295,145,Tropical Inbred,Mexico,GEM Released Line
85,1,7,GEMS-0326/PH1GD,,,,1330,1347,274,119,,,Hybrid
86,2,7,GEMS-0330/PH1GD,,,,1315,1330,312,114,,,Hybrid
87,3,7,PC2754/GEMN-0331,,,,1606,1621,333,163,,,Hybrid
88,4,7,GEMS-0332/PH1GD,,,,1396,1426,330,117,,,Hybrid
89,5,7,GEMS-0333/PH1GD,,,,1396,1396,340,127,,,Hybrid
90,6,7,GEMS-0334/PH1GD,,,,1368,1396,295,127,,,Hybrid
91,7,7,GEMS-0335/PH1GD,,,,1368,1426,287,104,,,Hybrid
92,8,7,GEMS-0336/PH1GD,,,,1396,1396,325,124,,,Hybrid
93,9,7,GEMN-0337,GEMN-0287/GEMN-0272-029-01,Raleigh,2025.0,1751,1723,300,140,Tropical Hybrid/Cateto/Mixed,Thailand/Brazil,GEM Released Line
94,10,7,GEMS-0338,GEMS-0293/GEMS-0281-034-03,Raleigh,2025.0,1699,1699,274,122,Tropical Inbred/Dente Amarelo,Mexico/Brazil,GEM Released Line
95,11,7,GEMS-0339/MBS8488,,,,1396,1396,307,114,,,Hybrid
96,12,7,GEMS-0340/MBS8488,,,,1368,1396,295,104,,,Hybrid
97,13,7,GEMS-0341/MBS8814,,,,1396,1396,315,137,,,Hybrid
98,14,7,GEMN-0342/EC018,,,,1455,1426,348,155,,,Hybrid
99,15,7,GEMN-0343,,Raleigh,2026.0,1525,1525,272,109,Tropical Hybrid/Mixed,Thailand/Mixed,GEM Released Line
100,16,7,GEMS-0314/MBS9451,,,,1396,1426,335,132,,,Hybrid
101,17,7,GEMS-0313/MBS9451,,,,1347,1347,315,117,,,Hybrid
102,18,7,MBS3628/GEMN-0309,,,,1330,1347,318,132,,,Hybrid
103,19,7,GEMS-0308/MBS9451,,,,1347,1396,325,122,,,Hybrid
104,20,7,GEMS-0307/MBS9451,,,,1455,1455,300,127,,,Hybrid
105,21,7,GEMS-0306/MBS9451,,,,1426,1426,305,130,,,Hybrid
106,22,7,GEMS-0304/MBS9451,,,,1347,1347,302,109,,,Hybrid
107,23,7,GEMS-0303/MBS9451,,,,1396,1396,318,102,,,Hybrid
108,24,7,GEMS-0298/MBS9451,,,,1368,1396,323,109,,,Hybrid
109,25,7,MBS3495/GEMN-0287,,,,1455,1426,338,107,,,Hybrid
110,26,7,MBS3628/GEMN-0178,,,,1426,1455,348,127,,,Hybrid
111,27,7,GEMS-0321/PH1GD,,,,1396,1368,345,135,,,Hybrid
112,28,7,GEMS-0320/PH1GD,,,,1396,1368,328,132,,,Hybrid
